<?xml version="1.0" encoding="UTF-8"?><idempiere Name="Outputmaker" Version="1" idempiereVersion="" DataBaseVersion="" Description="" Author="" AuthorEmail="" CreatedDate="2015-12-03 01:56:29.516" UpdatedDate="2015-12-03 01:56:29.516" PackOutVersion="100" UpdateDictionary="false" Client="0-SYSTEM-System" AD_Client_UU="11237b53-9592-4af1-b3c5-afd216514b5d">
    <AD_TableIndex type="table">
        <AD_TableIndex_ID>200471</AD_TableIndex_ID>
        <AD_Client_ID>0</AD_Client_ID>
        <AD_Org_ID>0</AD_Org_ID>
        <AD_TableIndex_ID>200471</AD_TableIndex_ID>
        <AD_TableIndex_UU>b77633b4-b889-49e7-9ec4-230adc890ae4</AD_TableIndex_UU>
        <Description/>
        <EntityType>D</EntityType>
        <IsActive>Y</IsActive>
        <Name>c_orderpayschedule_uu_idx</Name>
        <AD_Table_ID reference="id">53296</AD_Table_ID>
        <Help/>
        <IsCreateConstraint>N</IsCreateConstraint>
        <IsUnique>Y</IsUnique>
        <Processing>N</Processing>
        <AD_Message_ID reference="id"/>
        <TableIndexDrop/>
        <IsKey>N</IsKey>
        <AD_IndexColumn type="table">
            <AD_IndexColumn_ID>200548</AD_IndexColumn_ID>
            <AD_Client_ID>0</AD_Client_ID>
            <AD_Org_ID>0</AD_Org_ID>
            <AD_IndexColumn_ID>200548</AD_IndexColumn_ID>
            <AD_IndexColumn_UU>baf1eaa0-47f0-4c45-9b75-ceae937cfea3</AD_IndexColumn_UU>
            <EntityType>D</EntityType>
            <IsActive>Y</IsActive>
            <AD_Column_ID reference="id">60717</AD_Column_ID>
            <AD_TableIndex_ID reference="id">200471</AD_TableIndex_ID>
            <ColumnSQL/>
            <SeqNo>1</SeqNo>
        </AD_IndexColumn>
    </AD_TableIndex>
    <AD_TableIndex type="table">
        <AD_TableIndex_ID>200461</AD_TableIndex_ID>
        <AD_Client_ID>0</AD_Client_ID>
        <AD_Org_ID>0</AD_Org_ID>
        <AD_TableIndex_ID>200461</AD_TableIndex_ID>
        <AD_TableIndex_UU>c2361235-40c3-4c9a-9d33-7b7625c5396a</AD_TableIndex_UU>
        <Description/>
        <EntityType>D</EntityType>
        <IsActive>Y</IsActive>
        <Name>c_order_uu_idx</Name>
        <AD_Table_ID reference="id">259</AD_Table_ID>
        <Help/>
        <IsCreateConstraint>N</IsCreateConstraint>
        <IsUnique>Y</IsUnique>
        <Processing>N</Processing>
        <AD_Message_ID reference="id"/>
        <TableIndexDrop/>
        <IsKey>N</IsKey>
        <AD_IndexColumn type="table">
            <AD_IndexColumn_ID>200532</AD_IndexColumn_ID>
            <AD_Client_ID>0</AD_Client_ID>
            <AD_Org_ID>0</AD_Org_ID>
            <AD_IndexColumn_ID>200532</AD_IndexColumn_ID>
            <AD_IndexColumn_UU>afc99ba2-0cda-46a7-8666-dc67901d778e</AD_IndexColumn_UU>
            <EntityType>D</EntityType>
            <IsActive>Y</IsActive>
            <AD_Column_ID reference="id">60715</AD_Column_ID>
            <AD_TableIndex_ID reference="id">200461</AD_TableIndex_ID>
            <ColumnSQL/>
            <SeqNo>1</SeqNo>
        </AD_IndexColumn>
    </AD_TableIndex>
    <AD_TableIndex type="table">
        <AD_TableIndex_ID>200462</AD_TableIndex_ID>
        <AD_Client_ID>0</AD_Client_ID>
        <AD_Org_ID>0</AD_Org_ID>
        <AD_TableIndex_ID>200462</AD_TableIndex_ID>
        <AD_TableIndex_UU>034d8726-7f5f-4c4f-9eec-d365740034de</AD_TableIndex_UU>
        <Description/>
        <EntityType>D</EntityType>
        <IsActive>Y</IsActive>
        <Name>c_order_bpartner</Name>
        <AD_Table_ID reference="id">259</AD_Table_ID>
        <Help/>
        <IsCreateConstraint>N</IsCreateConstraint>
        <IsUnique>N</IsUnique>
        <Processing>N</Processing>
        <AD_Message_ID reference="id"/>
        <TableIndexDrop/>
        <IsKey>N</IsKey>
        <AD_IndexColumn type="table">
            <AD_IndexColumn_ID>200533</AD_IndexColumn_ID>
            <AD_Client_ID>0</AD_Client_ID>
            <AD_Org_ID>0</AD_Org_ID>
            <AD_IndexColumn_ID>200533</AD_IndexColumn_ID>
            <AD_IndexColumn_UU>018d2395-ebc9-456d-a517-915a24594003</AD_IndexColumn_UU>
            <EntityType>D</EntityType>
            <IsActive>Y</IsActive>
            <AD_Column_ID reference="id">2762</AD_Column_ID>
            <AD_TableIndex_ID reference="id">200462</AD_TableIndex_ID>
            <ColumnSQL/>
            <SeqNo>1</SeqNo>
        </AD_IndexColumn>
    </AD_TableIndex>
    <AD_TableIndex type="table">
        <AD_TableIndex_ID>200463</AD_TableIndex_ID>
        <AD_Client_ID>0</AD_Client_ID>
        <AD_Org_ID>0</AD_Org_ID>
        <AD_TableIndex_ID>200463</AD_TableIndex_ID>
        <AD_TableIndex_UU>03b346c3-0ea7-4c1e-bbd3-c33d39eac374</AD_TableIndex_UU>
        <Description/>
        <EntityType>D</EntityType>
        <IsActive>Y</IsActive>
        <Name>idxc_order_proc_on</Name>
        <AD_Table_ID reference="id">259</AD_Table_ID>
        <Help/>
        <IsCreateConstraint>N</IsCreateConstraint>
        <IsUnique>N</IsUnique>
        <Processing>N</Processing>
        <AD_Message_ID reference="id"/>
        <TableIndexDrop/>
        <IsKey>N</IsKey>
        <AD_IndexColumn type="table">
            <AD_IndexColumn_ID>200534</AD_IndexColumn_ID>
            <AD_Client_ID>0</AD_Client_ID>
            <AD_Org_ID>0</AD_Org_ID>
            <AD_IndexColumn_ID>200534</AD_IndexColumn_ID>
            <AD_IndexColumn_UU>4c0ccf77-03c6-4546-aa5e-c2adab1cd571</AD_IndexColumn_UU>
            <EntityType>D</EntityType>
            <IsActive>Y</IsActive>
            <AD_Column_ID reference="id">4650</AD_Column_ID>
            <AD_TableIndex_ID reference="id">200463</AD_TableIndex_ID>
            <ColumnSQL/>
            <SeqNo>1</SeqNo>
        </AD_IndexColumn>
        <AD_IndexColumn type="table">
            <AD_IndexColumn_ID>200535</AD_IndexColumn_ID>
            <AD_Client_ID>0</AD_Client_ID>
            <AD_Org_ID>0</AD_Org_ID>
            <AD_IndexColumn_ID>200535</AD_IndexColumn_ID>
            <AD_IndexColumn_UU>9b3c0fee-8959-4ad9-81de-4bbc6929cd3f</AD_IndexColumn_UU>
            <EntityType>D</EntityType>
            <IsActive>Y</IsActive>
            <AD_Column_ID reference="id">3398</AD_Column_ID>
            <AD_TableIndex_ID reference="id">200463</AD_TableIndex_ID>
            <ColumnSQL/>
            <SeqNo>2</SeqNo>
        </AD_IndexColumn>
        <AD_IndexColumn type="table">
            <AD_IndexColumn_ID>200536</AD_IndexColumn_ID>
            <AD_Client_ID>0</AD_Client_ID>
            <AD_Org_ID>0</AD_Org_ID>
            <AD_IndexColumn_ID>200536</AD_IndexColumn_ID>
            <AD_IndexColumn_UU>b66d1e4f-03a9-4b91-9cf9-879d7a93ffc9</AD_IndexColumn_UU>
            <EntityType>D</EntityType>
            <IsActive>Y</IsActive>
            <AD_Column_ID reference="id">59038</AD_Column_ID>
            <AD_TableIndex_ID reference="id">200463</AD_TableIndex_ID>
            <ColumnSQL/>
            <SeqNo>3</SeqNo>
        </AD_IndexColumn>
        <AD_IndexColumn type="table">
            <AD_IndexColumn_ID>200537</AD_IndexColumn_ID>
            <AD_Client_ID>0</AD_Client_ID>
            <AD_Org_ID>0</AD_Org_ID>
            <AD_IndexColumn_ID>200537</AD_IndexColumn_ID>
            <AD_IndexColumn_UU>887d0f88-74dd-4d41-b465-82dfcce62b3b</AD_IndexColumn_UU>
            <EntityType>D</EntityType>
            <IsActive>Y</IsActive>
            <AD_Column_ID reference="id">2162</AD_Column_ID>
            <AD_TableIndex_ID reference="id">200463</AD_TableIndex_ID>
            <ColumnSQL/>
            <SeqNo>4</SeqNo>
        </AD_IndexColumn>
    </AD_TableIndex>
    <AD_TableIndex type="table">
        <AD_TableIndex_ID>200464</AD_TableIndex_ID>
        <AD_Client_ID>0</AD_Client_ID>
        <AD_Org_ID>0</AD_Org_ID>
        <AD_TableIndex_ID>200464</AD_TableIndex_ID>
        <AD_TableIndex_UU>4920211c-f47a-4e45-9c48-1ade75c589bf</AD_TableIndex_UU>
        <Description/>
        <EntityType>D</EntityType>
        <IsActive>Y</IsActive>
        <Name>c_order_documentno</Name>
        <AD_Table_ID reference="id">259</AD_Table_ID>
        <Help/>
        <IsCreateConstraint>N</IsCreateConstraint>
        <IsUnique>Y</IsUnique>
        <Processing>N</Processing>
        <AD_Message_ID reference="id"/>
        <TableIndexDrop/>
        <IsKey>N</IsKey>
        <AD_IndexColumn type="table">
            <AD_IndexColumn_ID>200538</AD_IndexColumn_ID>
            <AD_Client_ID>0</AD_Client_ID>
            <AD_Org_ID>0</AD_Org_ID>
            <AD_IndexColumn_ID>200538</AD_IndexColumn_ID>
            <AD_IndexColumn_UU>9f309cda-446b-4a9d-b512-23798b2728c1</AD_IndexColumn_UU>
            <EntityType>D</EntityType>
            <IsActive>Y</IsActive>
            <AD_Column_ID reference="id">2169</AD_Column_ID>
            <AD_TableIndex_ID reference="id">200464</AD_TableIndex_ID>
            <ColumnSQL/>
            <SeqNo>1</SeqNo>
        </AD_IndexColumn>
        <AD_IndexColumn type="table">
            <AD_IndexColumn_ID>200539</AD_IndexColumn_ID>
            <AD_Client_ID>0</AD_Client_ID>
            <AD_Org_ID>0</AD_Org_ID>
            <AD_IndexColumn_ID>200539</AD_IndexColumn_ID>
            <AD_IndexColumn_UU>3c9e3e66-8979-4722-aa9e-1fb58c7f4ea3</AD_IndexColumn_UU>
            <EntityType>D</EntityType>
            <IsActive>Y</IsActive>
            <AD_Column_ID reference="id">2172</AD_Column_ID>
            <AD_TableIndex_ID reference="id">200464</AD_TableIndex_ID>
            <ColumnSQL/>
            <SeqNo>2</SeqNo>
        </AD_IndexColumn>
        <AD_IndexColumn type="table">
            <AD_IndexColumn_ID>200540</AD_IndexColumn_ID>
            <AD_Client_ID>0</AD_Client_ID>
            <AD_Org_ID>0</AD_Org_ID>
            <AD_IndexColumn_ID>200540</AD_IndexColumn_ID>
            <AD_IndexColumn_UU>815e0687-463e-46e1-93dc-ff1db30819a4</AD_IndexColumn_UU>
            <EntityType>D</EntityType>
            <IsActive>Y</IsActive>
            <AD_Column_ID reference="id">2762</AD_Column_ID>
            <AD_TableIndex_ID reference="id">200464</AD_TableIndex_ID>
            <ColumnSQL/>
            <SeqNo>3</SeqNo>
        </AD_IndexColumn>
    </AD_TableIndex>
    <AD_TableIndex type="table">
        <AD_TableIndex_ID>200465</AD_TableIndex_ID>
        <AD_Client_ID>0</AD_Client_ID>
        <AD_Org_ID>0</AD_Org_ID>
        <AD_TableIndex_ID>200465</AD_TableIndex_ID>
        <AD_TableIndex_UU>9c44eb2e-c670-4226-97b7-83696c122b31</AD_TableIndex_UU>
        <Description/>
        <EntityType>D</EntityType>
        <IsActive>Y</IsActive>
        <Name>c_order_processed</Name>
        <AD_Table_ID reference="id">259</AD_Table_ID>
        <Help/>
        <IsCreateConstraint>N</IsCreateConstraint>
        <IsUnique>N</IsUnique>
        <Processing>N</Processing>
        <AD_Message_ID reference="id"/>
        <TableIndexDrop/>
        <IsKey>N</IsKey>
        <AD_IndexColumn type="table">
            <AD_IndexColumn_ID>200541</AD_IndexColumn_ID>
            <AD_Client_ID>0</AD_Client_ID>
            <AD_Org_ID>0</AD_Org_ID>
            <AD_IndexColumn_ID>200541</AD_IndexColumn_ID>
            <AD_IndexColumn_UU>eeaa1605-69fc-4f1a-b4ff-b80515a73f84</AD_IndexColumn_UU>
            <EntityType>D</EntityType>
            <IsActive>Y</IsActive>
            <AD_Column_ID reference="id">3398</AD_Column_ID>
            <AD_TableIndex_ID reference="id">200465</AD_TableIndex_ID>
            <ColumnSQL/>
            <SeqNo>1</SeqNo>
        </AD_IndexColumn>
        <AD_IndexColumn type="table">
            <AD_IndexColumn_ID>200542</AD_IndexColumn_ID>
            <AD_Client_ID>0</AD_Client_ID>
            <AD_Org_ID>0</AD_Org_ID>
            <AD_IndexColumn_ID>200542</AD_IndexColumn_ID>
            <AD_IndexColumn_UU>b78811e6-66cd-4548-94f5-60436706a354</AD_IndexColumn_UU>
            <EntityType>D</EntityType>
            <IsActive>Y</IsActive>
            <AD_Column_ID reference="id">2162</AD_Column_ID>
            <AD_TableIndex_ID reference="id">200465</AD_TableIndex_ID>
            <ColumnSQL/>
            <SeqNo>2</SeqNo>
        </AD_IndexColumn>
    </AD_TableIndex>
    <AD_Element type="table">
        <AD_Element_ID>53310</AD_Element_ID>
        <AD_Client_ID>0</AD_Client_ID>
        <AD_Org_ID>0</AD_Org_ID>
        <AD_Element_ID>53310</AD_Element_ID>
        <IsActive>Y</IsActive>
        <ColumnName>PP_Cost_Collector_ID</ColumnName>
        <Name>Manufacturing Cost Collector</Name>
        <Description/>
        <Help/>
        <PrintName>Manufacturing Cost Collector</PrintName>
        <PO_Description/>
        <PO_Help/>
        <PO_Name/>
        <PO_PrintName/>
        <EntityType>EE01</EntityType>
        <AD_Element_UU>943f71dd-e65c-44e9-81e4-cce5f37ed4c3</AD_Element_UU>
        <AD_Element_Trl type="translation">
            <Help/>
            <PO_Description/>
            <PO_Help/>
            <Name>Recolector de Costos de Manufactura</Name>
            <Description/>
            <PrintName>Recolector de Costos de Manufactura Cost Collector</PrintName>
            <PO_Name/>
            <PO_PrintName/>
            <AD_Language>es_CO</AD_Language>
            <IsActive>Y</IsActive>
            <IsTranslated>Y</IsTranslated>
        </AD_Element_Trl>
    </AD_Element>
    <AD_Reference type="table">
        <AD_Reference_ID>53254</AD_Reference_ID>
        <AD_Client_ID>0</AD_Client_ID>
        <AD_Org_ID>0</AD_Org_ID>
        <AD_Reference_ID>53254</AD_Reference_ID>
        <Name>PP_Cost_Collector</Name>
        <Description/>
        <Help/>
        <ValidationType>T</ValidationType>
        <IsActive>Y</IsActive>
        <VFormat/>
        <EntityType>EE01</EntityType>
        <IsOrderByValue>N</IsOrderByValue>
        <AD_Reference_UU>ad2af94c-cf5a-454a-92ff-56d8adbefd61</AD_Reference_UU>
        <AD_Reference_Trl type="translation">
            <Help/>
            <Name>PP_Cost_Collector</Name>
            <Description/>
            <AD_Language>es_CO</AD_Language>
            <IsActive>Y</IsActive>
            <IsTranslated>Y</IsTranslated>
        </AD_Reference_Trl>
        <AD_Ref_Table type="table">
            <AD_Reference_ID>53254</AD_Reference_ID>
            <AD_Client_ID>0</AD_Client_ID>
            <AD_Org_ID>0</AD_Org_ID>
            <AD_Reference_ID reference="id">53254</AD_Reference_ID>
            <AD_Table_ID reference="id">53035</AD_Table_ID>
            <WhereClause/>
            <OrderByClause/>
            <IsActive>Y</IsActive>
            <IsValueDisplayed>N</IsValueDisplayed>
            <EntityType>EE01</EntityType>
            <AD_Window_ID reference="id"/>
            <AD_Ref_Table_UU>edbeec57-ec80-4295-baa3-f928d5fbfb67</AD_Ref_Table_UU>
            <AD_InfoWindow_ID reference="id"/>
            <AD_Display reference="id">53830</AD_Display>
            <AD_Key reference="id">53828</AD_Key>
        </AD_Ref_Table>
    </AD_Reference>
    <AD_Column type="table">
        <AD_Column_ID>56532</AD_Column_ID>
        <IsSyncDatabase>Y</IsSyncDatabase>
        <AD_Table_ID reference="id">260</AD_Table_ID>
        <AD_Reference_Value_ID reference="id">53254</AD_Reference_Value_ID>
        <AD_Client_ID>0</AD_Client_ID>
        <AD_Org_ID>0</AD_Org_ID>
        <AD_Column_ID>56532</AD_Column_ID>
        <Version>0</Version>
        <Name>Manufacturing Cost Collector</Name>
        <Description/>
        <Help/>
        <AD_Val_Rule_ID reference="id"/>
        <ColumnName>PP_Cost_Collector_ID</ColumnName>
        <DefaultValue/>
        <FieldLength>22</FieldLength>
        <IsKey>N</IsKey>
        <IsParent>N</IsParent>
        <IsMandatory>N</IsMandatory>
        <IsTranslated>N</IsTranslated>
        <IsIdentifier>N</IsIdentifier>
        <SeqNo>0</SeqNo>
        <IsEncrypted>N</IsEncrypted>
        <AD_Reference_ID reference="id">30</AD_Reference_ID>
        <IsActive>Y</IsActive>
        <VFormat/>
        <Callout/>
        <AD_Element_ID reference="id">53310</AD_Element_ID>
        <IsUpdateable>Y</IsUpdateable>
        <AD_Process_ID reference="id"/>
        <ValueMin/>
        <ValueMax/>
        <IsSelectionColumn>N</IsSelectionColumn>
        <ReadOnlyLogic/>
        <EntityType>EE01</EntityType>
        <IsAlwaysUpdateable>N</IsAlwaysUpdateable>
        <ColumnSQL/>
        <MandatoryLogic/>
        <IsAutocomplete>N</IsAutocomplete>
        <IsAllowLogging>Y</IsAllowLogging>
        <FormatPattern/>
        <AD_Chart_ID reference="id"/>
        <AD_Column_UU>7dc07571-126b-4c03-93f2-d5d2da82b4ba</AD_Column_UU>
        <IsAllowCopy>Y</IsAllowCopy>
        <SeqNoSelection/>
        <IsToolbarButton>N</IsToolbarButton>
        <IsSecure>N</IsSecure>
        <FKConstraintName>ppcostcollector_corderline</FKConstraintName>
        <FKConstraintType>N</FKConstraintType>
    </AD_Column>
    <AD_TableIndex type="table">
        <AD_TableIndex_ID>200468</AD_TableIndex_ID>
        <AD_Client_ID>0</AD_Client_ID>
        <AD_Org_ID>0</AD_Org_ID>
        <AD_TableIndex_ID>200468</AD_TableIndex_ID>
        <AD_TableIndex_UU>3273f5dd-2d61-4270-a32a-963235b3ca4f</AD_TableIndex_UU>
        <Description/>
        <EntityType>D</EntityType>
        <IsActive>Y</IsActive>
        <Name>c_orderline_order</Name>
        <AD_Table_ID reference="id">260</AD_Table_ID>
        <Help/>
        <IsCreateConstraint>N</IsCreateConstraint>
        <IsUnique>N</IsUnique>
        <Processing>N</Processing>
        <AD_Message_ID reference="id"/>
        <TableIndexDrop/>
        <IsKey>N</IsKey>
        <AD_IndexColumn type="table">
            <AD_IndexColumn_ID>200545</AD_IndexColumn_ID>
            <AD_Client_ID>0</AD_Client_ID>
            <AD_Org_ID>0</AD_Org_ID>
            <AD_IndexColumn_ID>200545</AD_IndexColumn_ID>
            <AD_IndexColumn_UU>f55d7aa1-d33e-4b18-a147-1c350bbd6482</AD_IndexColumn_UU>
            <EntityType>D</EntityType>
            <IsActive>Y</IsActive>
            <AD_Column_ID reference="id">2213</AD_Column_ID>
            <AD_TableIndex_ID reference="id">200468</AD_TableIndex_ID>
            <ColumnSQL/>
            <SeqNo>1</SeqNo>
        </AD_IndexColumn>
    </AD_TableIndex>
    <AD_TableIndex type="table">
        <AD_TableIndex_ID>200469</AD_TableIndex_ID>
        <AD_Client_ID>0</AD_Client_ID>
        <AD_Org_ID>0</AD_Org_ID>
        <AD_TableIndex_ID>200469</AD_TableIndex_ID>
        <AD_TableIndex_UU>37548dc3-4e5f-4c2e-90d4-d9bd5b7d761c</AD_TableIndex_UU>
        <Description/>
        <EntityType>D</EntityType>
        <IsActive>Y</IsActive>
        <Name>c_orderline_product</Name>
        <AD_Table_ID reference="id">260</AD_Table_ID>
        <Help/>
        <IsCreateConstraint>N</IsCreateConstraint>
        <IsUnique>N</IsUnique>
        <Processing>N</Processing>
        <AD_Message_ID reference="id"/>
        <TableIndexDrop/>
        <IsKey>N</IsKey>
        <AD_IndexColumn type="table">
            <AD_IndexColumn_ID>200546</AD_IndexColumn_ID>
            <AD_Client_ID>0</AD_Client_ID>
            <AD_Org_ID>0</AD_Org_ID>
            <AD_IndexColumn_ID>200546</AD_IndexColumn_ID>
            <AD_IndexColumn_UU>6eb3c36d-e346-4922-b52e-0a203e6c1ce9</AD_IndexColumn_UU>
            <EntityType>D</EntityType>
            <IsActive>Y</IsActive>
            <AD_Column_ID reference="id">2221</AD_Column_ID>
            <AD_TableIndex_ID reference="id">200469</AD_TableIndex_ID>
            <ColumnSQL/>
            <SeqNo>1</SeqNo>
        </AD_IndexColumn>
    </AD_TableIndex>
    <AD_TableIndex type="table">
        <AD_TableIndex_ID>200470</AD_TableIndex_ID>
        <AD_Client_ID>0</AD_Client_ID>
        <AD_Org_ID>0</AD_Org_ID>
        <AD_TableIndex_ID>200470</AD_TableIndex_ID>
        <AD_TableIndex_UU>82180094-6cea-42df-b6b2-c30fd377e48e</AD_TableIndex_UU>
        <Description/>
        <EntityType>D</EntityType>
        <IsActive>Y</IsActive>
        <Name>c_orderline_uu_idx</Name>
        <AD_Table_ID reference="id">260</AD_Table_ID>
        <Help/>
        <IsCreateConstraint>N</IsCreateConstraint>
        <IsUnique>Y</IsUnique>
        <Processing>N</Processing>
        <AD_Message_ID reference="id"/>
        <TableIndexDrop/>
        <IsKey>N</IsKey>
        <AD_IndexColumn type="table">
            <AD_IndexColumn_ID>200547</AD_IndexColumn_ID>
            <AD_Client_ID>0</AD_Client_ID>
            <AD_Org_ID>0</AD_Org_ID>
            <AD_IndexColumn_ID>200547</AD_IndexColumn_ID>
            <AD_IndexColumn_UU>2b16869e-580c-4056-ba70-8f6c0891c0b0</AD_IndexColumn_UU>
            <EntityType>D</EntityType>
            <IsActive>Y</IsActive>
            <AD_Column_ID reference="id">60716</AD_Column_ID>
            <AD_TableIndex_ID reference="id">200470</AD_TableIndex_ID>
            <ColumnSQL/>
            <SeqNo>1</SeqNo>
        </AD_IndexColumn>
    </AD_TableIndex>
    <AD_TableIndex type="table">
        <AD_TableIndex_ID>200500</AD_TableIndex_ID>
        <AD_Client_ID>0</AD_Client_ID>
        <AD_Org_ID>0</AD_Org_ID>
        <AD_TableIndex_ID>200500</AD_TableIndex_ID>
        <AD_TableIndex_UU>b70e1673-fddd-48a8-85fa-0ac47dbb8b9a</AD_TableIndex_UU>
        <Description/>
        <EntityType>D</EntityType>
        <IsActive>Y</IsActive>
        <Name>c_pospayment_uu_idx</Name>
        <AD_Table_ID reference="id">200016</AD_Table_ID>
        <Help/>
        <IsCreateConstraint>N</IsCreateConstraint>
        <IsUnique>Y</IsUnique>
        <Processing>N</Processing>
        <AD_Message_ID reference="id"/>
        <TableIndexDrop/>
        <IsKey>N</IsKey>
        <AD_IndexColumn type="table">
            <AD_IndexColumn_ID>200583</AD_IndexColumn_ID>
            <AD_Client_ID>0</AD_Client_ID>
            <AD_Org_ID>0</AD_Org_ID>
            <AD_IndexColumn_ID>200583</AD_IndexColumn_ID>
            <AD_IndexColumn_UU>17829530-3923-42d3-a9d1-ade9997034f7</AD_IndexColumn_UU>
            <EntityType>D</EntityType>
            <IsActive>Y</IsActive>
            <AD_Column_ID reference="id">200435</AD_Column_ID>
            <AD_TableIndex_ID reference="id">200500</AD_TableIndex_ID>
            <ColumnSQL/>
            <SeqNo>1</SeqNo>
        </AD_IndexColumn>
    </AD_TableIndex>
    <AD_TableIndex type="table">
        <AD_TableIndex_ID>200474</AD_TableIndex_ID>
        <AD_Client_ID>0</AD_Client_ID>
        <AD_Org_ID>0</AD_Org_ID>
        <AD_TableIndex_ID>200474</AD_TableIndex_ID>
        <AD_TableIndex_UU>521fe115-b8a6-4746-9c2e-98a62df3ff7e</AD_TableIndex_UU>
        <Description/>
        <EntityType>D</EntityType>
        <IsActive>Y</IsActive>
        <Name>c_ordertax_uu_idx</Name>
        <AD_Table_ID reference="id">314</AD_Table_ID>
        <Help/>
        <IsCreateConstraint>N</IsCreateConstraint>
        <IsUnique>Y</IsUnique>
        <Processing>N</Processing>
        <AD_Message_ID reference="id"/>
        <TableIndexDrop/>
        <IsKey>N</IsKey>
        <AD_IndexColumn type="table">
            <AD_IndexColumn_ID>200552</AD_IndexColumn_ID>
            <AD_Client_ID>0</AD_Client_ID>
            <AD_Org_ID>0</AD_Org_ID>
            <AD_IndexColumn_ID>200552</AD_IndexColumn_ID>
            <AD_IndexColumn_UU>b24142f3-4095-4431-bebc-fa8b8d82bb32</AD_IndexColumn_UU>
            <EntityType>D</EntityType>
            <IsActive>Y</IsActive>
            <AD_Column_ID reference="id">60719</AD_Column_ID>
            <AD_TableIndex_ID reference="id">200474</AD_TableIndex_ID>
            <ColumnSQL/>
            <SeqNo>1</SeqNo>
        </AD_IndexColumn>
    </AD_TableIndex>
    <AD_Table type="table">
        <AD_Client_ID>0</AD_Client_ID>
        <AD_Org_ID>0</AD_Org_ID>
        <Name>Order Output</Name>
        <Description>Order Alternative Output</Description>
        <Help/>
        <AD_Window_ID reference="id">143</AD_Window_ID>
        <AD_Val_Rule_ID reference="id"/>
        <TableName>C_OrderOutput</TableName>
        <LoadSeq>140</LoadSeq>
        <AccessLevel>3</AccessLevel>
        <IsActive>Y</IsActive>
        <IsSecurityEnabled>N</IsSecurityEnabled>
        <IsDeleteable>Y</IsDeleteable>
        <IsHighVolume>N</IsHighVolume>
        <IsView>N</IsView>
        <EntityType>U</EntityType>
        <ImportTable/>
        <IsChangeLog>N</IsChangeLog>
        <ReplicationType>L</ReplicationType>
        <PO_Window_ID reference="id"/>
        <CopyColumnsFromTable/>
        <IsCentrallyMaintained>Y</IsCentrallyMaintained>
        <AD_Table_UU>5fdd9d8e-34f1-4411-b948-2b0324f121cb</AD_Table_UU>
        <Processing>N</Processing>
        <DatabaseViewDrop/>
        <AD_Element type="table">
            <AD_Client_ID>0</AD_Client_ID>
            <AD_Org_ID>0</AD_Org_ID>
            <IsActive>Y</IsActive>
            <ColumnName>C_OrderOutput_ID</ColumnName>
            <Name>Order Output</Name>
            <Description/>
            <Help/>
            <PrintName>Order Output</PrintName>
            <PO_Description/>
            <PO_Help/>
            <PO_Name/>
            <PO_PrintName/>
            <EntityType>U</EntityType>
            <AD_Element_UU>18dc4848-edac-4ca3-8c2f-133eb543b02f</AD_Element_UU>
            <AD_Element_Trl type="translation">
                <Help/>
                <PO_Description/>
                <PO_Help/>
                <Name>Order Output</Name>
                <Description/>
                <PrintName>Order Output</PrintName>
                <PO_Name/>
                <PO_PrintName/>
                <AD_Language>es_CO</AD_Language>
                <IsActive>Y</IsActive>
                <IsTranslated>N</IsTranslated>
            </AD_Element_Trl>
        </AD_Element>
        <AD_Column type="table">
            <IsSyncDatabase>Y</IsSyncDatabase>
            <AD_Table_ID reference="uuid" reference-key="AD_Table">5fdd9d8e-34f1-4411-b948-2b0324f121cb</AD_Table_ID>
            <AD_Reference_Value_ID reference="id"/>
            <AD_Client_ID>0</AD_Client_ID>
            <AD_Org_ID>0</AD_Org_ID>
            <Version>1</Version>
            <Name>Order Output</Name>
            <Description/>
            <Help/>
            <AD_Val_Rule_ID reference="id"/>
            <ColumnName>C_OrderOutput_ID</ColumnName>
            <DefaultValue/>
            <FieldLength>22</FieldLength>
            <IsKey>Y</IsKey>
            <IsParent>N</IsParent>
            <IsMandatory>Y</IsMandatory>
            <IsTranslated>N</IsTranslated>
            <IsIdentifier>N</IsIdentifier>
            <SeqNo>0</SeqNo>
            <IsEncrypted>N</IsEncrypted>
            <AD_Reference_ID reference="id">13</AD_Reference_ID>
            <IsActive>Y</IsActive>
            <VFormat/>
            <Callout/>
            <AD_Element_ID reference="uuid" reference-key="AD_Element">18dc4848-edac-4ca3-8c2f-133eb543b02f</AD_Element_ID>
            <IsUpdateable>N</IsUpdateable>
            <AD_Process_ID reference="id"/>
            <ValueMin/>
            <ValueMax/>
            <IsSelectionColumn>N</IsSelectionColumn>
            <ReadOnlyLogic/>
            <EntityType>U</EntityType>
            <IsAlwaysUpdateable>N</IsAlwaysUpdateable>
            <ColumnSQL/>
            <MandatoryLogic/>
            <IsAutocomplete>N</IsAutocomplete>
            <IsAllowLogging>Y</IsAllowLogging>
            <FormatPattern/>
            <AD_Chart_ID reference="id"/>
            <AD_Column_UU>7040320e-0b43-4b4b-a3bb-27db56b01760</AD_Column_UU>
            <IsAllowCopy>N</IsAllowCopy>
            <SeqNoSelection/>
            <IsToolbarButton>N</IsToolbarButton>
            <IsSecure>N</IsSecure>
            <FKConstraintName/>
            <FKConstraintType>N</FKConstraintType>
        </AD_Column>
        <AD_Element type="table">
            <AD_Client_ID>0</AD_Client_ID>
            <AD_Org_ID>0</AD_Org_ID>
            <IsActive>Y</IsActive>
            <ColumnName>C_OrderOutput_UU</ColumnName>
            <Name>C_OrderOutput_UU</Name>
            <Description/>
            <Help/>
            <PrintName>C_OrderOutput_UU</PrintName>
            <PO_Description/>
            <PO_Help/>
            <PO_Name/>
            <PO_PrintName/>
            <EntityType>U</EntityType>
            <AD_Element_UU>780b2e88-5936-4a14-aeec-44bb0357ade6</AD_Element_UU>
            <AD_Element_Trl type="translation">
                <Help/>
                <PO_Description/>
                <PO_Help/>
                <Name>C_OrderOutput_UU</Name>
                <Description/>
                <PrintName>C_OrderOutput_UU</PrintName>
                <PO_Name/>
                <PO_PrintName/>
                <AD_Language>es_CO</AD_Language>
                <IsActive>Y</IsActive>
                <IsTranslated>N</IsTranslated>
            </AD_Element_Trl>
        </AD_Element>
        <AD_Column type="table">
            <IsSyncDatabase>Y</IsSyncDatabase>
            <AD_Table_ID reference="uuid" reference-key="AD_Table">5fdd9d8e-34f1-4411-b948-2b0324f121cb</AD_Table_ID>
            <AD_Reference_Value_ID reference="id"/>
            <AD_Client_ID>0</AD_Client_ID>
            <AD_Org_ID>0</AD_Org_ID>
            <Version>1.00</Version>
            <Name>C_OrderOutput_UU</Name>
            <Description/>
            <Help/>
            <AD_Val_Rule_ID reference="id"/>
            <ColumnName>C_OrderOutput_UU</ColumnName>
            <DefaultValue/>
            <FieldLength>36</FieldLength>
            <IsKey>N</IsKey>
            <IsParent>N</IsParent>
            <IsMandatory>N</IsMandatory>
            <IsTranslated>N</IsTranslated>
            <IsIdentifier>N</IsIdentifier>
            <SeqNo/>
            <IsEncrypted>N</IsEncrypted>
            <AD_Reference_ID reference="id">10</AD_Reference_ID>
            <IsActive>Y</IsActive>
            <VFormat/>
            <Callout/>
            <AD_Element_ID reference="uuid" reference-key="AD_Element">780b2e88-5936-4a14-aeec-44bb0357ade6</AD_Element_ID>
            <IsUpdateable>Y</IsUpdateable>
            <AD_Process_ID reference="id"/>
            <ValueMin/>
            <ValueMax/>
            <IsSelectionColumn>N</IsSelectionColumn>
            <ReadOnlyLogic/>
            <EntityType>U</EntityType>
            <IsAlwaysUpdateable>N</IsAlwaysUpdateable>
            <ColumnSQL/>
            <MandatoryLogic/>
            <IsAutocomplete>N</IsAutocomplete>
            <IsAllowLogging>Y</IsAllowLogging>
            <FormatPattern/>
            <AD_Chart_ID reference="id"/>
            <AD_Column_UU>e6308bb3-5bc1-4925-9fe2-f62afa2d51a8</AD_Column_UU>
            <IsAllowCopy>N</IsAllowCopy>
            <SeqNoSelection/>
            <IsToolbarButton>N</IsToolbarButton>
            <IsSecure>N</IsSecure>
            <FKConstraintName/>
            <FKConstraintType>N</FKConstraintType>
        </AD_Column>
        <AD_Column type="table">
            <IsSyncDatabase>Y</IsSyncDatabase>
            <AD_Table_ID reference="uuid" reference-key="AD_Table">5fdd9d8e-34f1-4411-b948-2b0324f121cb</AD_Table_ID>
            <AD_Reference_Value_ID reference="id"/>
            <AD_Client_ID>0</AD_Client_ID>
            <AD_Org_ID>0</AD_Org_ID>
            <Version>1</Version>
            <Name>Client</Name>
            <Description>Client/Tenant for this installation.</Description>
            <Help>A Client is a company or a legal entity. You cannot share data between Clients. Tenant is a synonym for Client.</Help>
            <AD_Val_Rule_ID reference="id">129</AD_Val_Rule_ID>
            <ColumnName>AD_Client_ID</ColumnName>
            <DefaultValue>@#AD_Client_ID@</DefaultValue>
            <FieldLength>22</FieldLength>
            <IsKey>N</IsKey>
            <IsParent>N</IsParent>
            <IsMandatory>Y</IsMandatory>
            <IsTranslated>N</IsTranslated>
            <IsIdentifier>N</IsIdentifier>
            <SeqNo>0</SeqNo>
            <IsEncrypted>N</IsEncrypted>
            <AD_Reference_ID reference="id">19</AD_Reference_ID>
            <IsActive>Y</IsActive>
            <VFormat/>
            <Callout/>
            <AD_Element_ID reference="id">102</AD_Element_ID>
            <IsUpdateable>N</IsUpdateable>
            <AD_Process_ID reference="id"/>
            <ValueMin/>
            <ValueMax/>
            <IsSelectionColumn>N</IsSelectionColumn>
            <ReadOnlyLogic/>
            <EntityType>U</EntityType>
            <IsAlwaysUpdateable>N</IsAlwaysUpdateable>
            <ColumnSQL/>
            <MandatoryLogic/>
            <IsAutocomplete>N</IsAutocomplete>
            <IsAllowLogging>Y</IsAllowLogging>
            <FormatPattern/>
            <AD_Chart_ID reference="id"/>
            <AD_Column_UU>5d028ee6-d7f4-4441-a2a4-d911fa168499</AD_Column_UU>
            <IsAllowCopy>N</IsAllowCopy>
            <SeqNoSelection/>
            <IsToolbarButton>N</IsToolbarButton>
            <IsSecure>N</IsSecure>
            <FKConstraintName/>
            <FKConstraintType>D</FKConstraintType>
        </AD_Column>
        <AD_Column type="table">
            <IsSyncDatabase>Y</IsSyncDatabase>
            <AD_Table_ID reference="uuid" reference-key="AD_Table">5fdd9d8e-34f1-4411-b948-2b0324f121cb</AD_Table_ID>
            <AD_Reference_Value_ID reference="id"/>
            <AD_Client_ID>0</AD_Client_ID>
            <AD_Org_ID>0</AD_Org_ID>
            <Version>1</Version>
            <Name>Organization</Name>
            <Description>Organizational entity within client</Description>
            <Help>An organization is a unit of your client or legal entity - examples are store, department. You can share data between organizations.</Help>
            <AD_Val_Rule_ID reference="id">104</AD_Val_Rule_ID>
            <ColumnName>AD_Org_ID</ColumnName>
            <DefaultValue>@#AD_Org_ID@</DefaultValue>
            <FieldLength>22</FieldLength>
            <IsKey>N</IsKey>
            <IsParent>N</IsParent>
            <IsMandatory>Y</IsMandatory>
            <IsTranslated>N</IsTranslated>
            <IsIdentifier>N</IsIdentifier>
            <SeqNo>0</SeqNo>
            <IsEncrypted>N</IsEncrypted>
            <AD_Reference_ID reference="id">19</AD_Reference_ID>
            <IsActive>Y</IsActive>
            <VFormat/>
            <Callout/>
            <AD_Element_ID reference="id">113</AD_Element_ID>
            <IsUpdateable>N</IsUpdateable>
            <AD_Process_ID reference="id"/>
            <ValueMin/>
            <ValueMax/>
            <IsSelectionColumn>N</IsSelectionColumn>
            <ReadOnlyLogic/>
            <EntityType>U</EntityType>
            <IsAlwaysUpdateable>N</IsAlwaysUpdateable>
            <ColumnSQL/>
            <MandatoryLogic/>
            <IsAutocomplete>N</IsAutocomplete>
            <IsAllowLogging>Y</IsAllowLogging>
            <FormatPattern/>
            <AD_Chart_ID reference="id"/>
            <AD_Column_UU>84c73946-0f66-4568-bf11-d07e090bc050</AD_Column_UU>
            <IsAllowCopy>N</IsAllowCopy>
            <SeqNoSelection/>
            <IsToolbarButton>N</IsToolbarButton>
            <IsSecure>N</IsSecure>
            <FKConstraintName/>
            <FKConstraintType>D</FKConstraintType>
        </AD_Column>
        <AD_Column type="table">
            <IsSyncDatabase>Y</IsSyncDatabase>
            <AD_Table_ID reference="uuid" reference-key="AD_Table">5fdd9d8e-34f1-4411-b948-2b0324f121cb</AD_Table_ID>
            <AD_Reference_Value_ID reference="id"/>
            <AD_Client_ID>0</AD_Client_ID>
            <AD_Org_ID>0</AD_Org_ID>
            <Version>1</Version>
            <Name>Created</Name>
            <Description>Date this record was created</Description>
            <Help>The Created field indicates the date that this record was created.</Help>
            <AD_Val_Rule_ID reference="id"/>
            <ColumnName>Created</ColumnName>
            <DefaultValue>SYSDATE</DefaultValue>
            <FieldLength>7</FieldLength>
            <IsKey>N</IsKey>
            <IsParent>N</IsParent>
            <IsMandatory>Y</IsMandatory>
            <IsTranslated>N</IsTranslated>
            <IsIdentifier>N</IsIdentifier>
            <SeqNo>0</SeqNo>
            <IsEncrypted>N</IsEncrypted>
            <AD_Reference_ID reference="id">16</AD_Reference_ID>
            <IsActive>Y</IsActive>
            <VFormat/>
            <Callout/>
            <AD_Element_ID reference="id">245</AD_Element_ID>
            <IsUpdateable>N</IsUpdateable>
            <AD_Process_ID reference="id"/>
            <ValueMin/>
            <ValueMax/>
            <IsSelectionColumn>N</IsSelectionColumn>
            <ReadOnlyLogic/>
            <EntityType>U</EntityType>
            <IsAlwaysUpdateable>N</IsAlwaysUpdateable>
            <ColumnSQL/>
            <MandatoryLogic/>
            <IsAutocomplete>N</IsAutocomplete>
            <IsAllowLogging>Y</IsAllowLogging>
            <FormatPattern/>
            <AD_Chart_ID reference="id"/>
            <AD_Column_UU>cf2dccf6-1a1b-4714-a601-904b5dbb1543</AD_Column_UU>
            <IsAllowCopy>N</IsAllowCopy>
            <SeqNoSelection/>
            <IsToolbarButton>N</IsToolbarButton>
            <IsSecure>N</IsSecure>
            <FKConstraintName/>
            <FKConstraintType>N</FKConstraintType>
        </AD_Column>
        <AD_Column type="table">
            <IsSyncDatabase>Y</IsSyncDatabase>
            <AD_Table_ID reference="uuid" reference-key="AD_Table">5fdd9d8e-34f1-4411-b948-2b0324f121cb</AD_Table_ID>
            <AD_Reference_Value_ID reference="id">110</AD_Reference_Value_ID>
            <AD_Client_ID>0</AD_Client_ID>
            <AD_Org_ID>0</AD_Org_ID>
            <Version>1</Version>
            <Name>Created By</Name>
            <Description>User who created this records</Description>
            <Help>The Created By field indicates the user who created this record.</Help>
            <AD_Val_Rule_ID reference="id"/>
            <ColumnName>CreatedBy</ColumnName>
            <DefaultValue/>
            <FieldLength>22</FieldLength>
            <IsKey>N</IsKey>
            <IsParent>N</IsParent>
            <IsMandatory>Y</IsMandatory>
            <IsTranslated>N</IsTranslated>
            <IsIdentifier>N</IsIdentifier>
            <SeqNo>0</SeqNo>
            <IsEncrypted>N</IsEncrypted>
            <AD_Reference_ID reference="id">18</AD_Reference_ID>
            <IsActive>Y</IsActive>
            <VFormat/>
            <Callout/>
            <AD_Element_ID reference="id">246</AD_Element_ID>
            <IsUpdateable>N</IsUpdateable>
            <AD_Process_ID reference="id"/>
            <ValueMin/>
            <ValueMax/>
            <IsSelectionColumn>N</IsSelectionColumn>
            <ReadOnlyLogic/>
            <EntityType>U</EntityType>
            <IsAlwaysUpdateable>N</IsAlwaysUpdateable>
            <ColumnSQL/>
            <MandatoryLogic/>
            <IsAutocomplete>N</IsAutocomplete>
            <IsAllowLogging>Y</IsAllowLogging>
            <FormatPattern/>
            <AD_Chart_ID reference="id"/>
            <AD_Column_UU>f8b620b8-8fa6-4161-b3a9-230145f45a9c</AD_Column_UU>
            <IsAllowCopy>N</IsAllowCopy>
            <SeqNoSelection/>
            <IsToolbarButton>N</IsToolbarButton>
            <IsSecure>N</IsSecure>
            <FKConstraintName/>
            <FKConstraintType>D</FKConstraintType>
        </AD_Column>
        <AD_Column type="table">
            <IsSyncDatabase>Y</IsSyncDatabase>
            <AD_Table_ID reference="uuid" reference-key="AD_Table">5fdd9d8e-34f1-4411-b948-2b0324f121cb</AD_Table_ID>
            <AD_Reference_Value_ID reference="id"/>
            <AD_Client_ID>0</AD_Client_ID>
            <AD_Org_ID>0</AD_Org_ID>
            <Version>1</Version>
            <Name>Description</Name>
            <Description>Optional short description of the record</Description>
            <Help>A description is limited to 255 characters.</Help>
            <AD_Val_Rule_ID reference="id"/>
            <ColumnName>Description</ColumnName>
            <DefaultValue/>
            <FieldLength>255</FieldLength>
            <IsKey>N</IsKey>
            <IsParent>N</IsParent>
            <IsMandatory>N</IsMandatory>
            <IsTranslated>N</IsTranslated>
            <IsIdentifier>N</IsIdentifier>
            <SeqNo>0</SeqNo>
            <IsEncrypted>N</IsEncrypted>
            <AD_Reference_ID reference="id">14</AD_Reference_ID>
            <IsActive>Y</IsActive>
            <VFormat/>
            <Callout/>
            <AD_Element_ID reference="id">275</AD_Element_ID>
            <IsUpdateable>Y</IsUpdateable>
            <AD_Process_ID reference="id"/>
            <ValueMin/>
            <ValueMax/>
            <IsSelectionColumn>Y</IsSelectionColumn>
            <ReadOnlyLogic/>
            <EntityType>U</EntityType>
            <IsAlwaysUpdateable>N</IsAlwaysUpdateable>
            <ColumnSQL/>
            <MandatoryLogic/>
            <IsAutocomplete>N</IsAutocomplete>
            <IsAllowLogging>Y</IsAllowLogging>
            <FormatPattern/>
            <AD_Chart_ID reference="id"/>
            <AD_Column_UU>b363a56e-bff6-40f0-8ce1-691f2ddaf605</AD_Column_UU>
            <IsAllowCopy>Y</IsAllowCopy>
            <SeqNoSelection/>
            <IsToolbarButton>N</IsToolbarButton>
            <IsSecure>N</IsSecure>
            <FKConstraintName/>
            <FKConstraintType>N</FKConstraintType>
        </AD_Column>
        <AD_Column type="table">
            <IsSyncDatabase>Y</IsSyncDatabase>
            <AD_Table_ID reference="uuid" reference-key="AD_Table">5fdd9d8e-34f1-4411-b948-2b0324f121cb</AD_Table_ID>
            <AD_Reference_Value_ID reference="id"/>
            <AD_Client_ID>0</AD_Client_ID>
            <AD_Org_ID>0</AD_Org_ID>
            <Version>1</Version>
            <Name>Comment/Help</Name>
            <Description>Comment or Hint</Description>
            <Help>The Help field contains a hint, comment or help about the use of this item.</Help>
            <AD_Val_Rule_ID reference="id"/>
            <ColumnName>Help</ColumnName>
            <DefaultValue/>
            <FieldLength>2000</FieldLength>
            <IsKey>N</IsKey>
            <IsParent>N</IsParent>
            <IsMandatory>N</IsMandatory>
            <IsTranslated>N</IsTranslated>
            <IsIdentifier>N</IsIdentifier>
            <SeqNo>0</SeqNo>
            <IsEncrypted>N</IsEncrypted>
            <AD_Reference_ID reference="id">14</AD_Reference_ID>
            <IsActive>Y</IsActive>
            <VFormat/>
            <Callout/>
            <AD_Element_ID reference="id">326</AD_Element_ID>
            <IsUpdateable>Y</IsUpdateable>
            <AD_Process_ID reference="id"/>
            <ValueMin/>
            <ValueMax/>
            <IsSelectionColumn>N</IsSelectionColumn>
            <ReadOnlyLogic/>
            <EntityType>U</EntityType>
            <IsAlwaysUpdateable>N</IsAlwaysUpdateable>
            <ColumnSQL/>
            <MandatoryLogic/>
            <IsAutocomplete>N</IsAutocomplete>
            <IsAllowLogging>Y</IsAllowLogging>
            <FormatPattern/>
            <AD_Chart_ID reference="id"/>
            <AD_Column_UU>a9d09128-546a-4d47-a095-27b850a9c427</AD_Column_UU>
            <IsAllowCopy>Y</IsAllowCopy>
            <SeqNoSelection/>
            <IsToolbarButton>N</IsToolbarButton>
            <IsSecure>N</IsSecure>
            <FKConstraintName/>
            <FKConstraintType>N</FKConstraintType>
        </AD_Column>
        <AD_Column type="table">
            <IsSyncDatabase>Y</IsSyncDatabase>
            <AD_Table_ID reference="uuid" reference-key="AD_Table">5fdd9d8e-34f1-4411-b948-2b0324f121cb</AD_Table_ID>
            <AD_Reference_Value_ID reference="id"/>
            <AD_Client_ID>0</AD_Client_ID>
            <AD_Org_ID>0</AD_Org_ID>
            <Version>1</Version>
            <Name>Active</Name>
            <Description>The record is active in the system</Description>
            <Help>There are two methods of making records unavailable in the system: One is to delete the record, the other is to de-activate the record. A de-activated record is not available for selection, but available for reports.
There are two reasons for de-activating and not deleting records:
(1) The system requires the record for audit purposes.
(2) The record is referenced by other records. E.g., you cannot delete a Business Partner, if there are invoices for this partner record existing. You de-activate the Business Partner and prevent that this record is used for future entries.</Help>
            <AD_Val_Rule_ID reference="id"/>
            <ColumnName>IsActive</ColumnName>
            <DefaultValue>Y</DefaultValue>
            <FieldLength>1</FieldLength>
            <IsKey>N</IsKey>
            <IsParent>N</IsParent>
            <IsMandatory>Y</IsMandatory>
            <IsTranslated>N</IsTranslated>
            <IsIdentifier>N</IsIdentifier>
            <SeqNo>0</SeqNo>
            <IsEncrypted>N</IsEncrypted>
            <AD_Reference_ID reference="id">20</AD_Reference_ID>
            <IsActive>Y</IsActive>
            <VFormat/>
            <Callout/>
            <AD_Element_ID reference="id">348</AD_Element_ID>
            <IsUpdateable>Y</IsUpdateable>
            <AD_Process_ID reference="id"/>
            <ValueMin/>
            <ValueMax/>
            <IsSelectionColumn>N</IsSelectionColumn>
            <ReadOnlyLogic/>
            <EntityType>U</EntityType>
            <IsAlwaysUpdateable>N</IsAlwaysUpdateable>
            <ColumnSQL/>
            <MandatoryLogic/>
            <IsAutocomplete>N</IsAutocomplete>
            <IsAllowLogging>Y</IsAllowLogging>
            <FormatPattern/>
            <AD_Chart_ID reference="id"/>
            <AD_Column_UU>096bc836-2e43-4314-8937-8a1b83894458</AD_Column_UU>
            <IsAllowCopy>N</IsAllowCopy>
            <SeqNoSelection/>
            <IsToolbarButton>N</IsToolbarButton>
            <IsSecure>N</IsSecure>
            <FKConstraintName/>
            <FKConstraintType>N</FKConstraintType>
        </AD_Column>
        <AD_Column type="table">
            <IsSyncDatabase>Y</IsSyncDatabase>
            <AD_Table_ID reference="uuid" reference-key="AD_Table">5fdd9d8e-34f1-4411-b948-2b0324f121cb</AD_Table_ID>
            <AD_Reference_Value_ID reference="id"/>
            <AD_Client_ID>0</AD_Client_ID>
            <AD_Org_ID>0</AD_Org_ID>
            <Version>1</Version>
            <Name>Order</Name>
            <Description>Order</Description>
            <Help>The Order is a control document.  The  Order is complete when the quantity ordered is the same as the quantity shipped and invoiced.  When you close an order, unshipped (backordered) quantities are cancelled.</Help>
            <AD_Val_Rule_ID reference="id"/>
            <ColumnName>C_Order_ID</ColumnName>
            <DefaultValue/>
            <FieldLength>22</FieldLength>
            <IsKey>N</IsKey>
            <IsParent>Y</IsParent>
            <IsMandatory>Y</IsMandatory>
            <IsTranslated>N</IsTranslated>
            <IsIdentifier>N</IsIdentifier>
            <SeqNo>0</SeqNo>
            <IsEncrypted>N</IsEncrypted>
            <AD_Reference_ID reference="id">30</AD_Reference_ID>
            <IsActive>Y</IsActive>
            <VFormat/>
            <Callout/>
            <AD_Element_ID reference="id">558</AD_Element_ID>
            <IsUpdateable>N</IsUpdateable>
            <AD_Process_ID reference="id"/>
            <ValueMin/>
            <ValueMax/>
            <IsSelectionColumn>N</IsSelectionColumn>
            <ReadOnlyLogic/>
            <EntityType>U</EntityType>
            <IsAlwaysUpdateable>N</IsAlwaysUpdateable>
            <ColumnSQL/>
            <MandatoryLogic/>
            <IsAutocomplete>N</IsAutocomplete>
            <IsAllowLogging>Y</IsAllowLogging>
            <FormatPattern/>
            <AD_Chart_ID reference="id"/>
            <AD_Column_UU>1a0049ca-322b-46f8-b7ee-2d3395a055ba</AD_Column_UU>
            <IsAllowCopy>Y</IsAllowCopy>
            <SeqNoSelection/>
            <IsToolbarButton>N</IsToolbarButton>
            <IsSecure>N</IsSecure>
            <FKConstraintName>COrder_COrderOutput</FKConstraintName>
            <FKConstraintType>N</FKConstraintType>
        </AD_Column>
        <AD_Column type="table">
            <IsSyncDatabase>Y</IsSyncDatabase>
            <AD_Table_ID reference="uuid" reference-key="AD_Table">5fdd9d8e-34f1-4411-b948-2b0324f121cb</AD_Table_ID>
            <AD_Reference_Value_ID reference="id"/>
            <AD_Client_ID>0</AD_Client_ID>
            <AD_Org_ID>0</AD_Org_ID>
            <Version>1</Version>
            <Name>Name</Name>
            <Description>Alphanumeric identifier of the entity</Description>
            <Help>The name of an entity (record) is used as an default search option in addition to the search key. The name is up to 60 characters in length.</Help>
            <AD_Val_Rule_ID reference="id"/>
            <ColumnName>Name</ColumnName>
            <DefaultValue/>
            <FieldLength>60</FieldLength>
            <IsKey>N</IsKey>
            <IsParent>N</IsParent>
            <IsMandatory>Y</IsMandatory>
            <IsTranslated>N</IsTranslated>
            <IsIdentifier>Y</IsIdentifier>
            <SeqNo>1</SeqNo>
            <IsEncrypted>N</IsEncrypted>
            <AD_Reference_ID reference="id">10</AD_Reference_ID>
            <IsActive>Y</IsActive>
            <VFormat/>
            <Callout/>
            <AD_Element_ID reference="id">469</AD_Element_ID>
            <IsUpdateable>Y</IsUpdateable>
            <AD_Process_ID reference="id"/>
            <ValueMin/>
            <ValueMax/>
            <IsSelectionColumn>Y</IsSelectionColumn>
            <ReadOnlyLogic/>
            <EntityType>U</EntityType>
            <IsAlwaysUpdateable>N</IsAlwaysUpdateable>
            <ColumnSQL/>
            <MandatoryLogic/>
            <IsAutocomplete>N</IsAutocomplete>
            <IsAllowLogging>Y</IsAllowLogging>
            <FormatPattern/>
            <AD_Chart_ID reference="id"/>
            <AD_Column_UU>c8590a27-a3dc-4f37-8775-f32312806b3d</AD_Column_UU>
            <IsAllowCopy>Y</IsAllowCopy>
            <SeqNoSelection/>
            <IsToolbarButton>N</IsToolbarButton>
            <IsSecure>N</IsSecure>
            <FKConstraintName/>
            <FKConstraintType>N</FKConstraintType>
        </AD_Column>
        <AD_Column type="table">
            <IsSyncDatabase>Y</IsSyncDatabase>
            <AD_Table_ID reference="uuid" reference-key="AD_Table">5fdd9d8e-34f1-4411-b948-2b0324f121cb</AD_Table_ID>
            <AD_Reference_Value_ID reference="id"/>
            <AD_Client_ID>0</AD_Client_ID>
            <AD_Org_ID>0</AD_Org_ID>
            <Version>1</Version>
            <Name>Updated</Name>
            <Description>Date this record was updated</Description>
            <Help>The Updated field indicates the date that this record was updated.</Help>
            <AD_Val_Rule_ID reference="id"/>
            <ColumnName>Updated</ColumnName>
            <DefaultValue>SYSDATE</DefaultValue>
            <FieldLength>7</FieldLength>
            <IsKey>N</IsKey>
            <IsParent>N</IsParent>
            <IsMandatory>Y</IsMandatory>
            <IsTranslated>N</IsTranslated>
            <IsIdentifier>N</IsIdentifier>
            <SeqNo>0</SeqNo>
            <IsEncrypted>N</IsEncrypted>
            <AD_Reference_ID reference="id">16</AD_Reference_ID>
            <IsActive>Y</IsActive>
            <VFormat/>
            <Callout/>
            <AD_Element_ID reference="id">607</AD_Element_ID>
            <IsUpdateable>N</IsUpdateable>
            <AD_Process_ID reference="id"/>
            <ValueMin/>
            <ValueMax/>
            <IsSelectionColumn>N</IsSelectionColumn>
            <ReadOnlyLogic/>
            <EntityType>U</EntityType>
            <IsAlwaysUpdateable>N</IsAlwaysUpdateable>
            <ColumnSQL/>
            <MandatoryLogic/>
            <IsAutocomplete>N</IsAutocomplete>
            <IsAllowLogging>Y</IsAllowLogging>
            <FormatPattern/>
            <AD_Chart_ID reference="id"/>
            <AD_Column_UU>25030871-21e2-48a2-a64b-0a5f05db7e57</AD_Column_UU>
            <IsAllowCopy>N</IsAllowCopy>
            <SeqNoSelection/>
            <IsToolbarButton>N</IsToolbarButton>
            <IsSecure>N</IsSecure>
            <FKConstraintName/>
            <FKConstraintType>N</FKConstraintType>
        </AD_Column>
        <AD_Column type="table">
            <IsSyncDatabase>Y</IsSyncDatabase>
            <AD_Table_ID reference="uuid" reference-key="AD_Table">5fdd9d8e-34f1-4411-b948-2b0324f121cb</AD_Table_ID>
            <AD_Reference_Value_ID reference="id">110</AD_Reference_Value_ID>
            <AD_Client_ID>0</AD_Client_ID>
            <AD_Org_ID>0</AD_Org_ID>
            <Version>1</Version>
            <Name>Updated By</Name>
            <Description>User who updated this records</Description>
            <Help>The Updated By field indicates the user who updated this record.</Help>
            <AD_Val_Rule_ID reference="id"/>
            <ColumnName>UpdatedBy</ColumnName>
            <DefaultValue/>
            <FieldLength>22</FieldLength>
            <IsKey>N</IsKey>
            <IsParent>N</IsParent>
            <IsMandatory>Y</IsMandatory>
            <IsTranslated>N</IsTranslated>
            <IsIdentifier>N</IsIdentifier>
            <SeqNo>0</SeqNo>
            <IsEncrypted>N</IsEncrypted>
            <AD_Reference_ID reference="id">18</AD_Reference_ID>
            <IsActive>Y</IsActive>
            <VFormat/>
            <Callout/>
            <AD_Element_ID reference="id">608</AD_Element_ID>
            <IsUpdateable>N</IsUpdateable>
            <AD_Process_ID reference="id"/>
            <ValueMin/>
            <ValueMax/>
            <IsSelectionColumn>N</IsSelectionColumn>
            <ReadOnlyLogic/>
            <EntityType>U</EntityType>
            <IsAlwaysUpdateable>N</IsAlwaysUpdateable>
            <ColumnSQL/>
            <MandatoryLogic/>
            <IsAutocomplete>N</IsAutocomplete>
            <IsAllowLogging>Y</IsAllowLogging>
            <FormatPattern/>
            <AD_Chart_ID reference="id"/>
            <AD_Column_UU>b966813b-9b13-4613-8a89-d063cd30a125</AD_Column_UU>
            <IsAllowCopy>N</IsAllowCopy>
            <SeqNoSelection/>
            <IsToolbarButton>N</IsToolbarButton>
            <IsSecure>N</IsSecure>
            <FKConstraintName/>
            <FKConstraintType>D</FKConstraintType>
        </AD_Column>
    </AD_Table>
    <AD_Tab type="table">
        <AD_Client_ID>0</AD_Client_ID>
        <AD_Org_ID>0</AD_Org_ID>
        <Name>Output</Name>
        <Description/>
        <Help/>
        <AD_Window_ID reference="id">143</AD_Window_ID>
        <SeqNo>60</SeqNo>
        <IsSingleRow>Y</IsSingleRow>
        <AD_Table_ID reference="uuid" reference-key="AD_Table">5fdd9d8e-34f1-4411-b948-2b0324f121cb</AD_Table_ID>
        <IsActive>Y</IsActive>
        <HasTree>N</HasTree>
        <IsInfoTab>N</IsInfoTab>
        <IsTranslationTab>N</IsTranslationTab>
        <IsReadOnly>N</IsReadOnly>
        <AD_Column_ID reference="uuid" reference-key="AD_Column">1a0049ca-322b-46f8-b7ee-2d3395a055ba</AD_Column_ID>
        <WhereClause/>
        <OrderByClause/>
        <CommitWarning/>
        <AD_Process_ID reference="id"/>
        <Processing>N</Processing>
        <AD_Image_ID reference="id"/>
        <ImportFields>N</ImportFields>
        <TabLevel>1</TabLevel>
        <IsSortTab>N</IsSortTab>
        <AD_ColumnSortYesNo_ID reference="id"/>
        <AD_ColumnSortOrder_ID reference="id"/>
        <EntityType>U</EntityType>
        <Included_Tab_ID reference="id"/>
        <ReadOnlyLogic/>
        <DisplayLogic/>
        <IsInsertRecord>Y</IsInsertRecord>
        <IsAdvancedTab>N</IsAdvancedTab>
        <Parent_Column_ID reference="id"/>
        <AD_Tab_UU>8ebeb02d-51ef-4ddf-a420-04f8aca109d0</AD_Tab_UU>
        <AD_CtxHelp_ID reference="id"/>
        <TreeDisplayedOn>B</TreeDisplayedOn>
        <AD_Tab_Trl type="translation">
            <Help/>
            <CommitWarning/>
            <Name>Output</Name>
            <Description/>
            <AD_Language>es_CO</AD_Language>
            <IsActive>Y</IsActive>
            <IsTranslated>N</IsTranslated>
        </AD_Tab_Trl>
        <AD_Field type="table">
            <AD_Client_ID>0</AD_Client_ID>
            <AD_Org_ID>0</AD_Org_ID>
            <Name>Client</Name>
            <Description>Client/Tenant for this installation.</Description>
            <Help>A Client is a company or a legal entity. You cannot share data between Clients. Tenant is a synonym for Client.</Help>
            <AD_Tab_ID reference="uuid" reference-key="AD_Tab">8ebeb02d-51ef-4ddf-a420-04f8aca109d0</AD_Tab_ID>
            <AD_Column_ID reference="uuid" reference-key="AD_Column">5d028ee6-d7f4-4441-a2a4-d911fa168499</AD_Column_ID>
            <IsDisplayed>Y</IsDisplayed>
            <DisplayLogic/>
            <DisplayLength>22</DisplayLength>
            <SeqNo>10</SeqNo>
            <SortNo/>
            <IsSameLine>N</IsSameLine>
            <IsHeading>N</IsHeading>
            <IsFieldOnly>N</IsFieldOnly>
            <IsEncrypted>N</IsEncrypted>
            <IsActive>Y</IsActive>
            <IsReadOnly>N</IsReadOnly>
            <IsCentrallyMaintained>Y</IsCentrallyMaintained>
            <AD_FieldGroup_ID reference="id"/>
            <EntityType>U</EntityType>
            <ObscureType/>
            <AD_Reference_ID reference="id"/>
            <IsMandatory/>
            <DefaultValue/>
            <AD_Reference_Value_ID reference="id"/>
            <AD_Val_Rule_ID reference="id"/>
            <Included_Tab_ID reference="id"/>
            <AD_Field_UU>d207a7a4-58b2-42c8-8477-f1671a1cc66a</AD_Field_UU>
            <IsAllowCopy/>
            <IsDisplayedGrid>N</IsDisplayedGrid>
            <SeqNoGrid/>
            <XPosition>1</XPosition>
            <ColumnSpan>2</ColumnSpan>
            <NumLines>1</NumLines>
            <IsQuickEntry>N</IsQuickEntry>
            <IsUpdateable/>
            <IsAlwaysUpdateable/>
            <MandatoryLogic/>
            <ReadOnlyLogic/>
            <IsToolbarButton/>
            <IsDefaultFocus>N</IsDefaultFocus>
            <IsAdvancedField>N</IsAdvancedField>
            <AD_Field_Trl type="translation">
                <Help>A Client is a company or a legal entity. You cannot share data between Clients. Tenant is a synonym for Client.</Help>
                <Description>Client/Tenant for this installation.</Description>
                <Name>Client</Name>
                <AD_Language>es_CO</AD_Language>
                <IsActive>Y</IsActive>
                <IsTranslated>N</IsTranslated>
            </AD_Field_Trl>
        </AD_Field>
        <AD_Field type="table">
            <AD_Client_ID>0</AD_Client_ID>
            <AD_Org_ID>0</AD_Org_ID>
            <Name>Organization</Name>
            <Description>Organizational entity within client</Description>
            <Help>An organization is a unit of your client or legal entity - examples are store, department. You can share data between organizations.</Help>
            <AD_Tab_ID reference="uuid" reference-key="AD_Tab">8ebeb02d-51ef-4ddf-a420-04f8aca109d0</AD_Tab_ID>
            <AD_Column_ID reference="uuid" reference-key="AD_Column">84c73946-0f66-4568-bf11-d07e090bc050</AD_Column_ID>
            <IsDisplayed>Y</IsDisplayed>
            <DisplayLogic/>
            <DisplayLength>22</DisplayLength>
            <SeqNo>20</SeqNo>
            <SortNo/>
            <IsSameLine>N</IsSameLine>
            <IsHeading>N</IsHeading>
            <IsFieldOnly>N</IsFieldOnly>
            <IsEncrypted>N</IsEncrypted>
            <IsActive>Y</IsActive>
            <IsReadOnly>N</IsReadOnly>
            <IsCentrallyMaintained>Y</IsCentrallyMaintained>
            <AD_FieldGroup_ID reference="id"/>
            <EntityType>U</EntityType>
            <ObscureType/>
            <AD_Reference_ID reference="id"/>
            <IsMandatory/>
            <DefaultValue/>
            <AD_Reference_Value_ID reference="id"/>
            <AD_Val_Rule_ID reference="id"/>
            <Included_Tab_ID reference="id"/>
            <AD_Field_UU>a15d2f17-679e-421d-bde3-b5e7af27b7e2</AD_Field_UU>
            <IsAllowCopy>Y</IsAllowCopy>
            <IsDisplayedGrid>Y</IsDisplayedGrid>
            <SeqNoGrid>10</SeqNoGrid>
            <XPosition>4</XPosition>
            <ColumnSpan>2</ColumnSpan>
            <NumLines>1</NumLines>
            <IsQuickEntry>N</IsQuickEntry>
            <IsUpdateable/>
            <IsAlwaysUpdateable/>
            <MandatoryLogic/>
            <ReadOnlyLogic/>
            <IsToolbarButton/>
            <IsDefaultFocus>N</IsDefaultFocus>
            <IsAdvancedField>N</IsAdvancedField>
            <AD_Field_Trl type="translation">
                <Help>An organization is a unit of your client or legal entity - examples are store, department. You can share data between organizations.</Help>
                <Description>Organizational entity within client</Description>
                <Name>Organization</Name>
                <AD_Language>es_CO</AD_Language>
                <IsActive>Y</IsActive>
                <IsTranslated>N</IsTranslated>
            </AD_Field_Trl>
        </AD_Field>
        <AD_Field type="table">
            <AD_Client_ID>0</AD_Client_ID>
            <AD_Org_ID>0</AD_Org_ID>
            <Name>Name</Name>
            <Description>Alphanumeric identifier of the entity</Description>
            <Help>The name of an entity (record) is used as an default search option in addition to the search key. The name is up to 60 characters in length.</Help>
            <AD_Tab_ID reference="uuid" reference-key="AD_Tab">8ebeb02d-51ef-4ddf-a420-04f8aca109d0</AD_Tab_ID>
            <AD_Column_ID reference="uuid" reference-key="AD_Column">c8590a27-a3dc-4f37-8775-f32312806b3d</AD_Column_ID>
            <IsDisplayed>Y</IsDisplayed>
            <DisplayLogic/>
            <DisplayLength>60</DisplayLength>
            <SeqNo>30</SeqNo>
            <SortNo/>
            <IsSameLine>N</IsSameLine>
            <IsHeading>N</IsHeading>
            <IsFieldOnly>N</IsFieldOnly>
            <IsEncrypted>N</IsEncrypted>
            <IsActive>Y</IsActive>
            <IsReadOnly>N</IsReadOnly>
            <IsCentrallyMaintained>Y</IsCentrallyMaintained>
            <AD_FieldGroup_ID reference="id"/>
            <EntityType>U</EntityType>
            <ObscureType/>
            <AD_Reference_ID reference="id"/>
            <IsMandatory/>
            <DefaultValue/>
            <AD_Reference_Value_ID reference="id"/>
            <AD_Val_Rule_ID reference="id"/>
            <Included_Tab_ID reference="id"/>
            <AD_Field_UU>b8f8943f-3a29-4547-bf04-c25184cc349a</AD_Field_UU>
            <IsAllowCopy/>
            <IsDisplayedGrid>Y</IsDisplayedGrid>
            <SeqNoGrid>20</SeqNoGrid>
            <XPosition>1</XPosition>
            <ColumnSpan>5</ColumnSpan>
            <NumLines>1</NumLines>
            <IsQuickEntry>N</IsQuickEntry>
            <IsUpdateable/>
            <IsAlwaysUpdateable/>
            <MandatoryLogic/>
            <ReadOnlyLogic/>
            <IsToolbarButton/>
            <IsDefaultFocus>N</IsDefaultFocus>
            <IsAdvancedField>N</IsAdvancedField>
            <AD_Field_Trl type="translation">
                <Help>The name of an entity (record) is used as an default search option in addition to the search key. The name is up to 60 characters in length.</Help>
                <Description>Alphanumeric identifier of the entity</Description>
                <Name>Name</Name>
                <AD_Language>es_CO</AD_Language>
                <IsActive>Y</IsActive>
                <IsTranslated>N</IsTranslated>
            </AD_Field_Trl>
        </AD_Field>
        <AD_Field type="table">
            <AD_Client_ID>0</AD_Client_ID>
            <AD_Org_ID>0</AD_Org_ID>
            <Name>Description</Name>
            <Description>Optional short description of the record</Description>
            <Help>A description is limited to 255 characters.</Help>
            <AD_Tab_ID reference="uuid" reference-key="AD_Tab">8ebeb02d-51ef-4ddf-a420-04f8aca109d0</AD_Tab_ID>
            <AD_Column_ID reference="uuid" reference-key="AD_Column">b363a56e-bff6-40f0-8ce1-691f2ddaf605</AD_Column_ID>
            <IsDisplayed>Y</IsDisplayed>
            <DisplayLogic/>
            <DisplayLength>255</DisplayLength>
            <SeqNo>40</SeqNo>
            <SortNo/>
            <IsSameLine>N</IsSameLine>
            <IsHeading>N</IsHeading>
            <IsFieldOnly>N</IsFieldOnly>
            <IsEncrypted>N</IsEncrypted>
            <IsActive>Y</IsActive>
            <IsReadOnly>N</IsReadOnly>
            <IsCentrallyMaintained>Y</IsCentrallyMaintained>
            <AD_FieldGroup_ID reference="id"/>
            <EntityType>U</EntityType>
            <ObscureType/>
            <AD_Reference_ID reference="id"/>
            <IsMandatory/>
            <DefaultValue/>
            <AD_Reference_Value_ID reference="id"/>
            <AD_Val_Rule_ID reference="id"/>
            <Included_Tab_ID reference="id"/>
            <AD_Field_UU>00255be1-c2e6-40fd-8dec-8fe28acf1c2b</AD_Field_UU>
            <IsAllowCopy/>
            <IsDisplayedGrid>Y</IsDisplayedGrid>
            <SeqNoGrid>30</SeqNoGrid>
            <XPosition>1</XPosition>
            <ColumnSpan>5</ColumnSpan>
            <NumLines>3</NumLines>
            <IsQuickEntry>N</IsQuickEntry>
            <IsUpdateable/>
            <IsAlwaysUpdateable/>
            <MandatoryLogic/>
            <ReadOnlyLogic/>
            <IsToolbarButton/>
            <IsDefaultFocus>N</IsDefaultFocus>
            <IsAdvancedField>N</IsAdvancedField>
            <AD_Field_Trl type="translation">
                <Help>A description is limited to 255 characters.</Help>
                <Description>Optional short description of the record</Description>
                <Name>Description</Name>
                <AD_Language>es_CO</AD_Language>
                <IsActive>Y</IsActive>
                <IsTranslated>N</IsTranslated>
            </AD_Field_Trl>
        </AD_Field>
        <AD_Field type="table">
            <AD_Client_ID>0</AD_Client_ID>
            <AD_Org_ID>0</AD_Org_ID>
            <Name>Comment/Help</Name>
            <Description>Comment or Hint</Description>
            <Help>The Help field contains a hint, comment or help about the use of this item.</Help>
            <AD_Tab_ID reference="uuid" reference-key="AD_Tab">8ebeb02d-51ef-4ddf-a420-04f8aca109d0</AD_Tab_ID>
            <AD_Column_ID reference="uuid" reference-key="AD_Column">a9d09128-546a-4d47-a095-27b850a9c427</AD_Column_ID>
            <IsDisplayed>Y</IsDisplayed>
            <DisplayLogic/>
            <DisplayLength>2000</DisplayLength>
            <SeqNo>50</SeqNo>
            <SortNo/>
            <IsSameLine>N</IsSameLine>
            <IsHeading>N</IsHeading>
            <IsFieldOnly>N</IsFieldOnly>
            <IsEncrypted>N</IsEncrypted>
            <IsActive>Y</IsActive>
            <IsReadOnly>N</IsReadOnly>
            <IsCentrallyMaintained>Y</IsCentrallyMaintained>
            <AD_FieldGroup_ID reference="id"/>
            <EntityType>U</EntityType>
            <ObscureType/>
            <AD_Reference_ID reference="id"/>
            <IsMandatory/>
            <DefaultValue/>
            <AD_Reference_Value_ID reference="id"/>
            <AD_Val_Rule_ID reference="id"/>
            <Included_Tab_ID reference="id"/>
            <AD_Field_UU>8addb25d-e397-46ce-bfea-3367e1d62ce7</AD_Field_UU>
            <IsAllowCopy/>
            <IsDisplayedGrid>Y</IsDisplayedGrid>
            <SeqNoGrid>40</SeqNoGrid>
            <XPosition>1</XPosition>
            <ColumnSpan>5</ColumnSpan>
            <NumLines>3</NumLines>
            <IsQuickEntry>N</IsQuickEntry>
            <IsUpdateable/>
            <IsAlwaysUpdateable/>
            <MandatoryLogic/>
            <ReadOnlyLogic/>
            <IsToolbarButton/>
            <IsDefaultFocus>N</IsDefaultFocus>
            <IsAdvancedField>N</IsAdvancedField>
            <AD_Field_Trl type="translation">
                <Help>The Help field contains a hint, comment or help about the use of this item.</Help>
                <Description>Comment or Hint</Description>
                <Name>Comment/Help</Name>
                <AD_Language>es_CO</AD_Language>
                <IsActive>Y</IsActive>
                <IsTranslated>N</IsTranslated>
            </AD_Field_Trl>
        </AD_Field>
        <AD_Field type="table">
            <AD_Client_ID>0</AD_Client_ID>
            <AD_Org_ID>0</AD_Org_ID>
            <Name>Order</Name>
            <Description>Order</Description>
            <Help>The Order is a control document.  The  Order is complete when the quantity ordered is the same as the quantity shipped and invoiced.  When you close an order, unshipped (backordered) quantities are cancelled.</Help>
            <AD_Tab_ID reference="uuid" reference-key="AD_Tab">8ebeb02d-51ef-4ddf-a420-04f8aca109d0</AD_Tab_ID>
            <AD_Column_ID reference="uuid" reference-key="AD_Column">1a0049ca-322b-46f8-b7ee-2d3395a055ba</AD_Column_ID>
            <IsDisplayed>Y</IsDisplayed>
            <DisplayLogic/>
            <DisplayLength>22</DisplayLength>
            <SeqNo>60</SeqNo>
            <SortNo/>
            <IsSameLine>N</IsSameLine>
            <IsHeading>N</IsHeading>
            <IsFieldOnly>N</IsFieldOnly>
            <IsEncrypted>N</IsEncrypted>
            <IsActive>Y</IsActive>
            <IsReadOnly>N</IsReadOnly>
            <IsCentrallyMaintained>Y</IsCentrallyMaintained>
            <AD_FieldGroup_ID reference="id"/>
            <EntityType>U</EntityType>
            <ObscureType/>
            <AD_Reference_ID reference="id"/>
            <IsMandatory/>
            <DefaultValue/>
            <AD_Reference_Value_ID reference="id"/>
            <AD_Val_Rule_ID reference="id"/>
            <Included_Tab_ID reference="id"/>
            <AD_Field_UU>ebc88a6d-2e9c-4201-a82a-fceff56fd565</AD_Field_UU>
            <IsAllowCopy/>
            <IsDisplayedGrid>Y</IsDisplayedGrid>
            <SeqNoGrid>50</SeqNoGrid>
            <XPosition>1</XPosition>
            <ColumnSpan>2</ColumnSpan>
            <NumLines>1</NumLines>
            <IsQuickEntry>N</IsQuickEntry>
            <IsUpdateable/>
            <IsAlwaysUpdateable/>
            <MandatoryLogic/>
            <ReadOnlyLogic/>
            <IsToolbarButton/>
            <IsDefaultFocus>N</IsDefaultFocus>
            <IsAdvancedField>N</IsAdvancedField>
            <AD_Field_Trl type="translation">
                <Help>The Order is a control document.  The  Order is complete when the quantity ordered is the same as the quantity shipped and invoiced.  When you close an order, unshipped (backordered) quantities are cancelled.</Help>
                <Description>Order</Description>
                <Name>Order</Name>
                <AD_Language>es_CO</AD_Language>
                <IsActive>Y</IsActive>
                <IsTranslated>N</IsTranslated>
            </AD_Field_Trl>
        </AD_Field>
        <AD_Field type="table">
            <AD_Client_ID>0</AD_Client_ID>
            <AD_Org_ID>0</AD_Org_ID>
            <Name>Active</Name>
            <Description>The record is active in the system</Description>
            <Help>There are two methods of making records unavailable in the system: One is to delete the record, the other is to de-activate the record. A de-activated record is not available for selection, but available for reports.
There are two reasons for de-activating and not deleting records:
(1) The system requires the record for audit purposes.
(2) The record is referenced by other records. E.g., you cannot delete a Business Partner, if there are invoices for this partner record existing. You de-activate the Business Partner and prevent that this record is used for future entries.</Help>
            <AD_Tab_ID reference="uuid" reference-key="AD_Tab">8ebeb02d-51ef-4ddf-a420-04f8aca109d0</AD_Tab_ID>
            <AD_Column_ID reference="uuid" reference-key="AD_Column">096bc836-2e43-4314-8937-8a1b83894458</AD_Column_ID>
            <IsDisplayed>Y</IsDisplayed>
            <DisplayLogic/>
            <DisplayLength>1</DisplayLength>
            <SeqNo>70</SeqNo>
            <SortNo/>
            <IsSameLine>N</IsSameLine>
            <IsHeading>N</IsHeading>
            <IsFieldOnly>N</IsFieldOnly>
            <IsEncrypted>N</IsEncrypted>
            <IsActive>Y</IsActive>
            <IsReadOnly>N</IsReadOnly>
            <IsCentrallyMaintained>Y</IsCentrallyMaintained>
            <AD_FieldGroup_ID reference="id"/>
            <EntityType>U</EntityType>
            <ObscureType/>
            <AD_Reference_ID reference="id"/>
            <IsMandatory/>
            <DefaultValue/>
            <AD_Reference_Value_ID reference="id"/>
            <AD_Val_Rule_ID reference="id"/>
            <Included_Tab_ID reference="id"/>
            <AD_Field_UU>d5adf4da-1f48-401e-92de-977e702b751f</AD_Field_UU>
            <IsAllowCopy/>
            <IsDisplayedGrid>Y</IsDisplayedGrid>
            <SeqNoGrid>60</SeqNoGrid>
            <XPosition>2</XPosition>
            <ColumnSpan>2</ColumnSpan>
            <NumLines>1</NumLines>
            <IsQuickEntry>N</IsQuickEntry>
            <IsUpdateable/>
            <IsAlwaysUpdateable/>
            <MandatoryLogic/>
            <ReadOnlyLogic/>
            <IsToolbarButton/>
            <IsDefaultFocus>N</IsDefaultFocus>
            <IsAdvancedField>N</IsAdvancedField>
            <AD_Field_Trl type="translation">
                <Help>There are two methods of making records unavailable in the system: One is to delete the record, the other is to de-activate the record. A de-activated record is not available for selection, but available for reports.
There are two reasons for de-activating and not deleting records:
(1) The system requires the record for audit purposes.
(2) The record is referenced by other records. E.g., you cannot delete a Business Partner, if there are invoices for this partner record existing. You de-activate the Business Partner and prevent that this record is used for future entries.</Help>
                <Description>The record is active in the system</Description>
                <Name>Active</Name>
                <AD_Language>es_CO</AD_Language>
                <IsActive>Y</IsActive>
                <IsTranslated>N</IsTranslated>
            </AD_Field_Trl>
        </AD_Field>
        <AD_Field type="table">
            <AD_Client_ID>0</AD_Client_ID>
            <AD_Org_ID>0</AD_Org_ID>
            <Name>Order Output</Name>
            <Description/>
            <Help/>
            <AD_Tab_ID reference="uuid" reference-key="AD_Tab">8ebeb02d-51ef-4ddf-a420-04f8aca109d0</AD_Tab_ID>
            <AD_Column_ID reference="uuid" reference-key="AD_Column">7040320e-0b43-4b4b-a3bb-27db56b01760</AD_Column_ID>
            <IsDisplayed>N</IsDisplayed>
            <DisplayLogic/>
            <DisplayLength>22</DisplayLength>
            <SeqNo/>
            <SortNo/>
            <IsSameLine>N</IsSameLine>
            <IsHeading>N</IsHeading>
            <IsFieldOnly>N</IsFieldOnly>
            <IsEncrypted>N</IsEncrypted>
            <IsActive>Y</IsActive>
            <IsReadOnly>N</IsReadOnly>
            <IsCentrallyMaintained>Y</IsCentrallyMaintained>
            <AD_FieldGroup_ID reference="id"/>
            <EntityType>U</EntityType>
            <ObscureType/>
            <AD_Reference_ID reference="id"/>
            <IsMandatory/>
            <DefaultValue/>
            <AD_Reference_Value_ID reference="id"/>
            <AD_Val_Rule_ID reference="id"/>
            <Included_Tab_ID reference="id"/>
            <AD_Field_UU>e847d8df-57c1-4293-915e-8cd31c961836</AD_Field_UU>
            <IsAllowCopy/>
            <IsDisplayedGrid>N</IsDisplayedGrid>
            <SeqNoGrid/>
            <XPosition>1</XPosition>
            <ColumnSpan>2</ColumnSpan>
            <NumLines>1</NumLines>
            <IsQuickEntry>N</IsQuickEntry>
            <IsUpdateable/>
            <IsAlwaysUpdateable/>
            <MandatoryLogic/>
            <ReadOnlyLogic/>
            <IsToolbarButton/>
            <IsDefaultFocus>N</IsDefaultFocus>
            <IsAdvancedField>N</IsAdvancedField>
            <AD_Field_Trl type="translation">
                <Help/>
                <Description/>
                <Name>Order Output</Name>
                <AD_Language>es_CO</AD_Language>
                <IsActive>Y</IsActive>
                <IsTranslated>N</IsTranslated>
            </AD_Field_Trl>
        </AD_Field>
        <AD_Field type="table">
            <AD_Client_ID>0</AD_Client_ID>
            <AD_Org_ID>0</AD_Org_ID>
            <Name>C_OrderOutput_UU</Name>
            <Description/>
            <Help/>
            <AD_Tab_ID reference="uuid" reference-key="AD_Tab">8ebeb02d-51ef-4ddf-a420-04f8aca109d0</AD_Tab_ID>
            <AD_Column_ID reference="uuid" reference-key="AD_Column">e6308bb3-5bc1-4925-9fe2-f62afa2d51a8</AD_Column_ID>
            <IsDisplayed>N</IsDisplayed>
            <DisplayLogic/>
            <DisplayLength>36</DisplayLength>
            <SeqNo/>
            <SortNo/>
            <IsSameLine>N</IsSameLine>
            <IsHeading>N</IsHeading>
            <IsFieldOnly>N</IsFieldOnly>
            <IsEncrypted>N</IsEncrypted>
            <IsActive>Y</IsActive>
            <IsReadOnly>N</IsReadOnly>
            <IsCentrallyMaintained>Y</IsCentrallyMaintained>
            <AD_FieldGroup_ID reference="id"/>
            <EntityType>U</EntityType>
            <ObscureType/>
            <AD_Reference_ID reference="id"/>
            <IsMandatory/>
            <DefaultValue/>
            <AD_Reference_Value_ID reference="id"/>
            <AD_Val_Rule_ID reference="id"/>
            <Included_Tab_ID reference="id"/>
            <AD_Field_UU>0f22791d-f6b1-4c04-b60d-c2a74b63e072</AD_Field_UU>
            <IsAllowCopy/>
            <IsDisplayedGrid>N</IsDisplayedGrid>
            <SeqNoGrid/>
            <XPosition>1</XPosition>
            <ColumnSpan>2</ColumnSpan>
            <NumLines>1</NumLines>
            <IsQuickEntry>N</IsQuickEntry>
            <IsUpdateable/>
            <IsAlwaysUpdateable/>
            <MandatoryLogic/>
            <ReadOnlyLogic/>
            <IsToolbarButton/>
            <IsDefaultFocus>N</IsDefaultFocus>
            <IsAdvancedField>N</IsAdvancedField>
            <AD_Field_Trl type="translation">
                <Help/>
                <Description/>
                <Name>C_OrderOutput_UU</Name>
                <AD_Language>es_CO</AD_Language>
                <IsActive>Y</IsActive>
                <IsTranslated>N</IsTranslated>
            </AD_Field_Trl>
        </AD_Field>
    </AD_Tab>
</idempiere>
